timestamp,unit_id,unit_type,empire_or_resistance,location_x,location_y,destination_x,destination_y,homeworld
2025-07-08 14:01:55,1,stormtrooper,empire,9,2,9,7,Serenno
2025-07-08 14:01:54,2,stormtrooper,empire,3,9,2,7,Cerea
2025-07-08 14:01:53,3,at-st,resistance,9,5,8,10,Socorro
2025-07-08 14:01:52,4,unknown,resistance,8,6,9,3,Cerea
2025-07-08 14:01:51,5,tie_silencer,empire,3,3,10,7,Trandosha
2025-07-08 14:01:50,6,at-st,empire,7,6,4,1,Eriadu
2025-07-08 14:01:49,7,tie_silencer,empire,5,9,2,8,Concord Dawn
2025-07-08 14:01:48,8,tie_silencer,resistance,10,7,4,3,Dathomir
2025-07-08 14:01:47,9,x-wing,resistance,1,9,3,4,Mon Cala
2025-07-08 14:01:46,10,at-at,resistance,5,10,9,7,Naboo
2025-07-08 14:01:45,11,tie_fighter,empire,1,2,1,7,Mirial
2025-07-08 14:01:44,12,unknown,resistance,1,10,6,7,Mon Cala
2025-07-08 14:01:43,13,tie_silencer,resistance,2,4,2,3,Trandosha
2025-07-08 14:01:42,14,tie_silencer,empire,7,10,7,10,Toydaria
2025-07-08 14:01:41,15,resistance_soldier,empire,9,8,9,3,Tatooine
2025-07-08 14:01:40,16,at-at,resistance,8,9,6,2,Tund
2025-07-08 14:01:39,17,unknown,empire,10,1,1,7,Chandrila
2025-07-08 14:01:38,18,at-st,empire,2,5,10,9,Concord Dawn
2025-07-08 14:01:37,19,at-at,empire,2,1,6,6,Malastare
2025-07-08 14:01:36,20,stormtrooper,empire,1,6,2,5,Dagobah
2025-07-08 14:01:35,21,tie_silencer,resistance,1,10,6,10,Kalee
2025-07-08 14:01:34,22,resistance_soldier,empire,2,5,2,7,Muunilinst
2025-07-08 14:01:33,23,x-wing,empire,10,3,8,8,Muunilinst
2025-07-08 14:01:32,24,x-wing,empire,5,4,2,8,Serenno
2025-07-08 14:01:31,25,at-st,empire,5,8,9,6,Muunilinst
2025-07-08 14:01:30,26,x-wing,empire,9,5,6,5,Ojom
2025-07-08 14:01:29,27,stormtrooper,empire,8,4,6,2,Rodia
2025-07-08 14:01:28,28,tie_fighter,resistance,6,3,3,6,Trandosha
2025-07-08 14:01:27,29,at-st,empire,3,5,9,5,Mirial
2025-07-08 14:01:26,30,unknown,resistance,10,7,9,10,Quermia
2025-07-08 14:01:25,31,at-st,resistance,6,2,6,3,Ryloth
2025-07-08 14:01:24,32,resistance_soldier,empire,4,10,7,10,Tund
2025-07-08 14:01:23,33,resistance_soldier,empire,3,9,4,1,Zolan
2025-07-08 14:01:22,34,unknown,resistance,2,10,6,1,Troiken
2025-07-08 14:01:21,35,resistance_soldier,resistance,4,3,8,7,Kashyyyk
2025-07-08 14:01:20,36,tie_silencer,empire,3,7,4,7,Aleen Minor
2025-07-08 14:01:19,37,resistance_soldier,empire,1,1,10,10,Concord Dawn
2025-07-08 14:01:18,38,tie_fighter,empire,2,8,6,10,Glee Anselm
2025-07-08 14:01:17,39,stormtrooper,empire,8,6,3,1,Tund
2025-07-08 14:01:16,40,x-wing,resistance,5,7,10,9,Shili
2025-07-08 14:01:15,41,at-at,empire,7,2,9,7,Skako
2025-07-08 14:01:14,42,tie_fighter,resistance,5,1,10,6,Ryloth
2025-07-08 14:01:13,43,at-st,empire,10,9,10,2,Dorin
2025-07-08 14:01:12,44,tie_silencer,empire,7,9,6,10,Champala
2025-07-08 14:01:11,45,unknown,empire,9,6,2,9,Quermia
2025-07-08 14:01:10,46,at-st,empire,7,7,9,8,Skako
2025-07-08 14:01:09,47,x-wing,empire,2,8,5,1,Vulpter
2025-07-08 14:01:08,48,unknown,empire,4,1,3,5,Champala
2025-07-08 14:01:07,49,at-st,resistance,7,3,10,2,Vulpter
2025-07-08 14:01:06,50,at-st,empire,6,2,10,6,Bestine IV
2025-07-08 14:01:05,51,tie_fighter,resistance,9,5,3,3,Dathomir
2025-07-08 14:01:04,52,at-st,resistance,10,6,1,1,Tholoth
2025-07-08 14:01:03,53,resistance_soldier,resistance,6,5,9,4,Concord Dawn
2025-07-08 14:01:02,54,stormtrooper,resistance,3,2,10,2,Iktotch
2025-07-08 14:01:01,55,tie_silencer,resistance,8,3,6,2,Stewjon
2025-07-08 14:01:00,56,unknown,resistance,2,8,5,8,Naboo
2025-07-08 14:00:59,57,unknown,resistance,8,3,6,6,Alderaan
2025-07-08 14:00:58,58,at-at,empire,6,4,10,7,Serenno
2025-07-08 14:00:57,59,tie_fighter,empire,7,5,6,10,Stewjon
2025-07-08 14:00:56,60,tie_fighter,resistance,8,1,4,9,Iktotch
2025-07-08 14:00:55,61,unknown,empire,4,7,2,10,Tholoth
2025-07-08 14:00:54,62,tie_silencer,empire,8,6,1,8,Malastare
2025-07-08 14:00:53,63,unknown,resistance,2,3,7,5,Iridonia
2025-07-08 14:00:52,64,at-at,resistance,4,9,1,6,Dorin
2025-07-08 14:00:51,65,at-st,resistance,5,3,9,1,Iktotch
2025-07-08 14:00:50,66,at-st,empire,8,8,3,2,Aleen Minor
2025-07-08 14:00:49,67,stormtrooper,empire,10,1,6,5,Serenno
2025-07-08 14:00:48,68,tie_silencer,resistance,6,8,3,3,Cerea
2025-07-08 14:00:47,69,tie_silencer,empire,2,5,9,9,Eriadu
2025-07-08 14:00:46,70,tie_silencer,resistance,1,3,8,8,Chandrila
2025-07-08 14:00:45,71,at-st,empire,7,10,3,10,Serenno
2025-07-08 14:00:44,72,tie_fighter,empire,5,1,1,10,Zolan
2025-07-08 14:00:43,73,x-wing,empire,3,4,10,3,Mirial
2025-07-08 14:00:42,74,resistance_soldier,resistance,7,10,6,10,Bestine IV
2025-07-08 14:00:41,75,stormtrooper,resistance,8,3,2,8,Iktotch
2025-07-08 14:00:40,76,tie_silencer,resistance,9,4,10,2,Bestine IV
2025-07-08 14:00:39,77,resistance_soldier,empire,3,2,8,4,Tholoth
2025-07-08 14:00:38,78,x-wing,empire,4,5,6,10,Corellia
2025-07-08 14:00:37,79,tie_silencer,resistance,3,4,5,8,Kashyyyk
2025-07-08 14:00:36,80,resistance_soldier,resistance,5,7,5,6,Bestine IV
2025-07-08 14:00:35,81,resistance_soldier,resistance,6,4,7,1,Chandrila
2025-07-08 14:00:34,82,tie_fighter,empire,10,10,5,2,Eriadu
2025-07-08 14:00:33,83,unknown,resistance,8,9,7,5,Mon Cala
2025-07-08 14:00:32,84,tie_silencer,resistance,2,5,2,10,Shili
2025-07-08 14:00:31,85,x-wing,resistance,6,2,1,3,Champala
2025-07-08 14:00:30,86,at-st,resistance,3,7,4,8,Sullust
2025-07-08 14:00:29,87,x-wing,empire,10,3,3,1,Aleen Minor
2025-07-08 14:00:28,88,at-at,resistance,8,2,4,4,Glee Anselm
2025-07-08 14:00:27,89,x-wing,empire,3,8,10,7,Tholoth
2025-07-08 14:00:26,90,unknown,empire,7,9,7,5,Stewjon
2025-07-08 14:00:25,91,tie_fighter,empire,8,1,6,10,Ojom
2025-07-08 14:00:24,92,resistance_soldier,resistance,4,3,4,1,Iktotch
2025-07-08 14:00:23,93,tie_silencer,empire,9,4,3,6,Malastare
2025-07-08 14:00:22,94,x-wing,resistance,7,2,9,3,Quermia
2025-07-08 14:00:21,95,x-wing,resistance,4,3,7,8,Rodia
2025-07-08 14:00:20,96,at-at,resistance,9,1,7,8,Dathomir
2025-07-08 14:00:19,97,unknown,resistance,9,8,7,1,Dagobah
2025-07-08 14:00:18,98,at-st,empire,9,10,5,5,Dorin
2025-07-08 14:00:17,99,unknown,resistance,8,9,10,7,Troiken
2025-07-08 14:00:16,100,resistance_soldier,empire,9,1,7,1,Tholoth
2025-07-08 14:00:15,101,at-at,resistance,1,6,6,8,Mirial
2025-07-08 14:00:14,102,resistance_soldier,resistance,2,1,7,9,Ryloth
2025-07-08 14:00:13,103,x-wing,resistance,7,10,10,6,Haruun Kal
2025-07-08 14:00:12,104,tie_fighter,resistance,10,6,1,8,Mirial
2025-07-08 14:00:11,105,resistance_soldier,resistance,7,5,2,9,Trandosha
2025-07-08 14:00:10,106,stormtrooper,empire,2,8,10,2,Iktotch
2025-07-08 14:00:09,107,tie_fighter,resistance,2,8,5,2,Troiken
2025-07-08 14:00:08,108,unknown,empire,10,3,6,6,Naboo
2025-07-08 14:00:07,109,stormtrooper,resistance,4,1,7,5,Skako
2025-07-08 14:00:06,110,tie_silencer,resistance,9,1,8,8,Troiken
2025-07-08 14:00:05,111,stormtrooper,empire,1,4,1,7,Tund
2025-07-08 14:00:04,112,unknown,resistance,6,9,5,1,Muunilinst
2025-07-08 14:00:03,113,tie_fighter,empire,1,8,4,6,Tholoth
2025-07-08 14:00:02,114,at-st,resistance,10,3,9,10,Malastare
2025-07-08 14:00:01,115,tie_silencer,empire,5,8,10,7,Haruun Kal
2025-07-08 14:00:00,116,tie_fighter,resistance,10,7,2,8,Ojom
2025-07-08 13:59:59,117,x-wing,empire,2,10,10,8,Dorin
2025-07-08 13:59:58,118,x-wing,resistance,9,4,8,8,Iktotch
2025-07-08 13:59:57,119,tie_fighter,resistance,4,9,10,10,Haruun Kal
2025-07-08 13:59:56,120,resistance_soldier,empire,9,2,5,6,Mirial
2025-07-08 13:59:55,121,tie_fighter,empire,1,2,2,2,Serenno
2025-07-08 13:59:54,122,resistance_soldier,resistance,6,1,8,2,Shili
2025-07-08 13:59:53,123,tie_fighter,empire,8,4,6,3,Zolan
2025-07-08 13:59:52,124,at-st,empire,4,1,9,6,Serenno
2025-07-08 13:59:51,125,x-wing,resistance,4,9,6,7,Trandosha
2025-07-08 13:59:50,126,resistance_soldier,empire,2,9,8,7,Iktotch
2025-07-08 13:59:49,127,tie_silencer,resistance,7,3,9,5,Corellia
2025-07-08 13:59:48,128,at-at,resistance,10,8,10,8,Kashyyyk
2025-07-08 13:59:47,129,tie_fighter,empire,1,7,8,9,Skako
2025-07-08 13:59:46,130,stormtrooper,resistance,9,3,4,6,Glee Anselm
2025-07-08 13:59:45,131,at-at,resistance,2,4,1,4,Mon Cala
2025-07-08 13:59:44,132,resistance_soldier,empire,10,8,1,3,Kalee
2025-07-08 13:59:43,133,tie_fighter,empire,2,2,3,1,Dorin
2025-07-08 13:59:42,134,stormtrooper,empire,6,3,7,4,Corellia
2025-07-08 13:59:41,135,unknown,resistance,3,9,3,6,Kashyyyk
2025-07-08 13:59:40,136,stormtrooper,resistance,7,8,3,9,Tatooine
2025-07-08 13:59:39,137,resistance_soldier,empire,8,9,6,2,Stewjon
2025-07-08 13:59:38,138,resistance_soldier,empire,7,7,9,5,Iridonia
2025-07-08 13:59:37,139,at-at,empire,7,7,10,10,Tatooine
2025-07-08 13:59:36,140,at-at,empire,7,3,2,5,Tatooine
2025-07-08 13:59:35,141,x-wing,empire,1,2,5,6,Umbara
2025-07-08 13:59:34,142,unknown,resistance,1,3,2,3,Eriadu
2025-07-08 13:59:33,143,x-wing,resistance,8,5,5,4,Mon Cala
2025-07-08 13:59:32,144,x-wing,empire,9,6,2,10,Ojom
2025-07-08 13:59:31,145,at-at,resistance,10,1,8,6,Champala
2025-07-08 13:59:30,146,x-wing,resistance,4,8,9,2,Dagobah
2025-07-08 13:59:29,147,at-st,resistance,9,5,3,5,Kashyyyk
2025-07-08 13:59:28,148,unknown,resistance,9,4,2,4,Corellia
2025-07-08 13:59:27,149,at-st,resistance,9,3,1,7,Iridonia
2025-07-08 13:59:26,150,tie_fighter,resistance,10,8,4,1,Haruun Kal
2025-07-08 13:59:25,151,stormtrooper,empire,7,3,1,7,Aleen Minor
2025-07-08 13:59:24,152,at-at,empire,8,10,9,9,Aleen Minor
2025-07-08 13:59:23,153,at-st,resistance,10,7,2,3,Alderaan
2025-07-08 13:59:22,154,unknown,resistance,4,8,1,1,Mon Cala
2025-07-08 13:59:21,155,unknown,empire,8,5,10,2,Toydaria
2025-07-08 13:59:20,156,tie_fighter,empire,5,7,8,7,Eriadu
2025-07-08 13:59:19,157,tie_silencer,resistance,5,3,2,4,Sullust
2025-07-08 13:59:18,158,x-wing,resistance,8,6,10,10,Aleen Minor
2025-07-08 13:59:17,159,x-wing,resistance,7,2,9,10,Mon Cala
2025-07-08 13:59:16,160,at-at,resistance,1,9,10,10,Alderaan
2025-07-08 13:59:15,161,resistance_soldier,resistance,2,3,9,2,Shili
2025-07-08 13:59:14,162,stormtrooper,resistance,4,10,4,7,Troiken
2025-07-08 13:59:13,163,unknown,empire,10,8,4,5,Aleen Minor
2025-07-08 13:59:12,164,at-st,resistance,7,5,1,9,Umbara
2025-07-08 13:59:11,165,at-at,empire,6,2,5,1,Serenno
2025-07-08 13:59:10,166,stormtrooper,empire,6,10,6,8,Cerea
2025-07-08 13:59:09,167,at-st,empire,3,8,1,8,Muunilinst
2025-07-08 13:59:08,168,resistance_soldier,empire,1,4,1,5,Aleen Minor
2025-07-08 13:59:07,169,x-wing,empire,10,10,6,3,Aleen Minor
2025-07-08 13:59:06,170,at-at,resistance,2,1,6,6,Skako
2025-07-08 13:59:05,171,tie_silencer,resistance,7,1,6,8,Mon Cala
2025-07-08 13:59:04,172,resistance_soldier,empire,3,4,6,6,Socorro
2025-07-08 13:59:03,173,stormtrooper,empire,1,5,3,10,Toydaria
2025-07-08 13:59:02,174,x-wing,empire,5,6,5,2,Zolan
2025-07-08 13:59:01,175,tie_fighter,resistance,5,6,7,7,Skako
2025-07-08 13:59:00,176,unknown,resistance,2,1,2,3,Stewjon
2025-07-08 13:58:59,177,at-at,empire,10,8,8,2,Troiken
2025-07-08 13:58:58,178,tie_fighter,empire,6,7,1,8,Concord Dawn
2025-07-08 13:58:57,179,tie_silencer,resistance,10,6,10,9,Rodia
2025-07-08 13:58:56,180,at-st,empire,7,10,6,6,Troiken
2025-07-08 13:58:55,181,at-at,resistance,4,7,7,1,Ojom
2025-07-08 13:58:54,182,tie_silencer,resistance,3,3,5,1,Tholoth
2025-07-08 13:58:53,183,at-at,resistance,8,8,7,7,Quermia
2025-07-08 13:58:52,184,tie_silencer,resistance,1,3,1,4,Kashyyyk
2025-07-08 13:58:51,185,at-at,resistance,3,5,4,6,Tholoth
2025-07-08 13:58:50,186,at-st,resistance,2,1,7,9,Ojom
2025-07-08 13:58:49,187,tie_fighter,empire,2,6,8,1,Ojom
2025-07-08 13:58:48,188,resistance_soldier,empire,7,3,4,1,Stewjon
2025-07-08 13:58:47,189,tie_silencer,empire,2,4,5,1,Eriadu
2025-07-08 13:58:46,190,stormtrooper,empire,3,9,6,2,Eriadu
2025-07-08 13:58:45,191,tie_fighter,empire,8,9,4,4,Trandosha
2025-07-08 13:58:44,192,at-st,empire,8,2,5,2,Shili
2025-07-08 13:58:43,193,unknown,resistance,4,7,2,7,Tholoth
2025-07-08 13:58:42,194,at-st,resistance,3,9,3,6,Toydaria
2025-07-08 13:58:41,195,tie_fighter,empire,7,10,9,1,Dorin
2025-07-08 13:58:40,196,stormtrooper,resistance,2,5,6,8,Mon Cala
2025-07-08 13:58:39,197,tie_silencer,resistance,5,5,7,4,Naboo
2025-07-08 13:58:38,198,unknown,empire,3,6,1,3,Quermia
2025-07-08 13:58:37,199,tie_fighter,empire,2,2,5,2,Tholoth
2025-07-08 13:58:36,200,resistance_soldier,resistance,5,7,2,3,Dorin
2025-07-08 13:58:35,201,unknown,empire,7,2,1,10,Dagobah
2025-07-08 13:58:34,202,unknown,empire,1,8,9,4,Concord Dawn
2025-07-08 13:58:33,203,resistance_soldier,resistance,9,2,5,1,Vulpter
2025-07-08 13:58:32,204,stormtrooper,empire,8,3,2,10,Toydaria
2025-07-08 13:58:31,205,tie_fighter,empire,1,10,8,5,Concord Dawn
2025-07-08 13:58:30,206,unknown,empire,4,7,10,1,Stewjon
2025-07-08 13:58:29,207,resistance_soldier,empire,8,4,7,8,Tholoth
2025-07-08 13:58:28,208,unknown,empire,10,4,1,10,Tholoth
2025-07-08 13:58:27,209,tie_silencer,resistance,4,3,3,3,Vulpter
2025-07-08 13:58:26,210,stormtrooper,empire,4,1,6,8,Dagobah
2025-07-08 13:58:25,211,at-st,resistance,6,6,6,3,Iktotch
2025-07-08 13:58:24,212,at-at,empire,9,6,2,9,Ojom
2025-07-08 13:58:23,213,at-st,resistance,6,10,1,3,Sullust
2025-07-08 13:58:22,214,at-st,resistance,10,10,5,6,Quermia
2025-07-08 13:58:21,215,x-wing,resistance,7,10,3,5,Haruun Kal
2025-07-08 13:58:20,216,resistance_soldier,resistance,1,9,6,6,Vulpter
2025-07-08 13:58:19,217,x-wing,resistance,6,1,10,9,Alderaan
2025-07-08 13:58:18,218,unknown,resistance,4,2,1,2,Malastare
2025-07-08 13:58:17,219,tie_silencer,resistance,2,4,5,2,Cerea
2025-07-08 13:58:16,220,tie_fighter,resistance,9,6,6,10,Sullust
2025-07-08 13:58:15,221,tie_silencer,resistance,6,3,5,1,Mon Cala
2025-07-08 13:58:14,222,unknown,resistance,3,2,3,4,Mon Cala
2025-07-08 13:58:13,223,x-wing,empire,9,6,4,4,Haruun Kal
2025-07-08 13:58:12,224,x-wing,empire,8,1,9,9,Malastare
2025-07-08 13:58:11,225,x-wing,resistance,2,5,4,7,Zolan
2025-07-08 13:58:10,226,resistance_soldier,empire,1,5,4,8,Tatooine
2025-07-08 13:58:09,227,x-wing,resistance,9,4,7,4,Ryloth
2025-07-08 13:58:08,228,at-st,empire,9,6,7,4,Skako
2025-07-08 13:58:07,229,at-st,empire,6,8,10,4,Rodia
2025-07-08 13:58:06,230,at-st,empire,1,4,10,5,Iktotch
2025-07-08 13:58:05,231,resistance_soldier,empire,6,6,8,1,Mirial
2025-07-08 13:58:04,232,tie_silencer,resistance,9,5,8,6,Naboo
2025-07-08 13:58:03,233,unknown,empire,5,1,1,5,Dorin
2025-07-08 13:58:02,234,x-wing,resistance,5,5,8,3,Mon Cala
2025-07-08 13:58:01,235,unknown,resistance,4,4,10,3,Kashyyyk
2025-07-08 13:58:00,236,tie_silencer,empire,9,10,8,4,Muunilinst
2025-07-08 13:57:59,237,unknown,empire,1,1,8,2,Tund
2025-07-08 13:57:58,238,at-at,empire,7,10,7,1,Cerea
2025-07-08 13:57:57,239,tie_fighter,empire,2,5,6,5,Skako
2025-07-08 13:57:56,240,x-wing,resistance,3,4,2,5,Tatooine
2025-07-08 13:57:55,241,tie_silencer,empire,5,10,7,4,Eriadu
2025-07-08 13:57:54,242,tie_fighter,empire,9,2,10,3,Concord Dawn
2025-07-08 13:57:53,243,resistance_soldier,resistance,9,5,8,8,Dorin
2025-07-08 13:57:52,244,at-at,empire,5,5,7,2,Malastare
2025-07-08 13:57:51,245,at-st,resistance,1,6,9,7,Sullust
2025-07-08 13:57:50,246,tie_silencer,resistance,5,4,6,6,Chandrila
2025-07-08 13:57:49,247,tie_silencer,resistance,4,7,8,5,Haruun Kal
2025-07-08 13:57:48,248,stormtrooper,empire,8,2,7,1,Vulpter
2025-07-08 13:57:47,249,x-wing,resistance,4,8,3,10,Bestine IV
2025-07-08 13:57:46,250,unknown,resistance,4,2,1,9,Dathomir
2025-07-08 13:57:45,251,unknown,resistance,8,7,10,3,Tholoth
2025-07-08 13:57:44,252,tie_silencer,empire,1,9,8,5,Eriadu
2025-07-08 13:57:43,253,x-wing,empire,2,8,10,6,Ojom
2025-07-08 13:57:42,254,stormtrooper,empire,7,5,4,9,Serenno
2025-07-08 13:57:41,255,tie_silencer,empire,2,1,1,7,Quermia
2025-07-08 13:57:40,256,resistance_soldier,empire,3,9,3,4,Champala
2025-07-08 13:57:39,257,stormtrooper,empire,4,5,3,6,Skako
2025-07-08 13:57:38,258,resistance_soldier,empire,6,10,8,7,Skako
2025-07-08 13:57:37,259,resistance_soldier,empire,2,7,10,6,Tund
2025-07-08 13:57:36,260,resistance_soldier,resistance,7,6,3,4,Toydaria
2025-07-08 13:57:35,261,tie_fighter,empire,2,9,3,4,Toydaria
2025-07-08 13:57:34,262,resistance_soldier,resistance,3,5,7,6,Champala
2025-07-08 13:57:33,263,stormtrooper,resistance,8,10,6,10,Chandrila
2025-07-08 13:57:32,264,resistance_soldier,resistance,3,4,2,10,Chandrila
2025-07-08 13:57:31,265,x-wing,resistance,10,7,2,9,Shili
2025-07-08 13:57:30,266,at-st,empire,7,10,6,9,Bestine IV
2025-07-08 13:57:29,267,unknown,resistance,9,6,2,3,Vulpter
2025-07-08 13:57:28,268,unknown,resistance,6,7,5,10,Cerea
2025-07-08 13:57:27,269,tie_silencer,resistance,8,8,10,1,Cerea
2025-07-08 13:57:26,270,tie_fighter,empire,2,4,8,3,Toydaria
2025-07-08 13:57:25,271,at-st,empire,3,9,2,2,Toydaria
2025-07-08 13:57:24,272,stormtrooper,resistance,8,1,1,5,Mon Cala
2025-07-08 13:57:23,273,unknown,empire,9,7,5,6,Rodia
2025-07-08 13:57:22,274,tie_silencer,resistance,5,9,3,6,Iktotch
2025-07-08 13:57:21,275,resistance_soldier,empire,3,3,10,6,Naboo
2025-07-08 13:57:20,276,at-st,empire,1,2,9,2,Trandosha
2025-07-08 13:57:19,277,at-at,resistance,4,7,1,4,Concord Dawn
2025-07-08 13:57:18,278,at-st,resistance,10,3,6,4,Mon Cala
2025-07-08 13:57:17,279,x-wing,resistance,2,10,9,8,Haruun Kal
2025-07-08 13:57:16,280,stormtrooper,resistance,5,9,5,10,Umbara
2025-07-08 13:57:15,281,tie_silencer,resistance,9,6,6,7,Bestine IV
2025-07-08 13:57:14,282,tie_fighter,resistance,9,10,6,4,Cerea
2025-07-08 13:57:13,283,tie_silencer,empire,7,2,8,2,Toydaria
2025-07-08 13:57:12,284,at-st,resistance,3,5,3,4,Mon Cala
2025-07-08 13:57:11,285,at-at,resistance,7,4,8,6,Ryloth
2025-07-08 13:57:10,286,resistance_soldier,resistance,8,5,6,3,Dagobah
2025-07-08 13:57:09,287,unknown,resistance,2,5,6,1,Zolan
2025-07-08 13:57:08,288,resistance_soldier,resistance,6,6,5,1,Rodia
2025-07-08 13:57:07,289,tie_silencer,empire,5,8,8,3,Muunilinst
2025-07-08 13:57:06,290,unknown,empire,8,4,6,3,Sullust
2025-07-08 13:57:05,291,at-st,resistance,5,9,4,6,Sullust
2025-07-08 13:57:04,292,x-wing,resistance,3,10,10,6,Malastare
2025-07-08 13:57:03,293,resistance_soldier,resistance,8,2,10,10,Shili
2025-07-08 13:57:02,294,at-st,empire,1,10,9,10,Aleen Minor
2025-07-08 13:57:01,295,tie_silencer,empire,2,3,9,7,Corellia
2025-07-08 13:57:00,296,at-at,resistance,4,2,8,10,Mon Cala
2025-07-08 13:56:59,297,x-wing,empire,9,7,5,7,Stewjon
2025-07-08 13:56:58,298,at-at,resistance,9,9,8,9,Sullust
2025-07-08 13:56:57,299,at-at,empire,1,2,3,7,Dagobah
2025-07-08 13:56:56,300,x-wing,empire,9,1,8,8,Shili
2025-07-08 13:56:55,301,tie_fighter,empire,5,1,7,2,Serenno
2025-07-08 13:56:54,302,x-wing,resistance,1,4,6,2,Alderaan
2025-07-08 13:56:53,303,tie_fighter,resistance,4,10,10,5,Troiken
2025-07-08 13:56:52,304,tie_fighter,resistance,8,3,10,10,Corellia
2025-07-08 13:56:51,305,tie_fighter,empire,2,2,7,1,Stewjon
2025-07-08 13:56:50,306,resistance_soldier,empire,5,6,4,1,Malastare
2025-07-08 13:56:49,307,stormtrooper,resistance,9,1,3,1,Haruun Kal
2025-07-08 13:56:48,308,unknown,empire,7,5,2,8,Zolan
2025-07-08 13:56:47,309,at-at,empire,2,6,3,10,Eriadu
2025-07-08 13:56:46,310,x-wing,empire,6,7,4,6,Tholoth
2025-07-08 13:56:45,311,resistance_soldier,empire,3,8,4,6,Stewjon
2025-07-08 13:56:44,312,at-at,empire,1,1,2,8,Iridonia
2025-07-08 13:56:43,313,at-st,empire,3,9,1,9,Dorin
2025-07-08 13:56:42,314,at-st,resistance,7,7,5,8,Kalee
2025-07-08 13:56:41,315,tie_fighter,empire,8,4,6,4,Naboo
2025-07-08 13:56:40,316,tie_fighter,empire,8,8,1,2,Zolan
2025-07-08 13:56:39,317,at-at,empire,9,1,4,7,Stewjon
2025-07-08 13:56:38,318,x-wing,empire,2,7,9,1,Concord Dawn
2025-07-08 13:56:37,319,tie_fighter,resistance,7,7,10,10,Haruun Kal
2025-07-08 13:56:36,320,unknown,empire,3,9,7,6,Shili
2025-07-08 13:56:35,321,unknown,resistance,1,5,9,2,Champala
2025-07-08 13:56:34,322,unknown,resistance,1,5,2,10,Alderaan
2025-07-08 13:56:33,323,tie_fighter,empire,3,5,10,1,Vulpter
2025-07-08 13:56:32,324,x-wing,resistance,9,9,1,3,Malastare
2025-07-08 13:56:31,325,at-st,empire,2,4,3,10,Rodia
2025-07-08 13:56:30,326,at-at,resistance,6,5,3,3,Glee Anselm
2025-07-08 13:56:29,327,stormtrooper,resistance,1,2,8,5,Shili
2025-07-08 13:56:28,328,at-at,empire,4,8,2,8,Corellia
2025-07-08 13:56:27,329,stormtrooper,resistance,9,9,8,6,Trandosha
2025-07-08 13:56:26,330,x-wing,resistance,3,6,6,8,Mirial
2025-07-08 13:56:25,331,x-wing,resistance,2,8,3,10,Vulpter
2025-07-08 13:56:24,332,stormtrooper,resistance,7,3,8,6,Mon Cala
2025-07-08 13:56:23,333,at-st,empire,7,8,5,6,Serenno
2025-07-08 13:56:22,334,x-wing,empire,6,9,3,3,Tund
2025-07-08 13:56:21,335,resistance_soldier,resistance,5,4,7,8,Iktotch
2025-07-08 13:56:20,336,at-at,resistance,6,9,4,4,Rodia
2025-07-08 13:56:19,337,at-at,resistance,4,5,9,7,Bestine IV
2025-07-08 13:56:18,338,stormtrooper,resistance,5,4,10,4,Muunilinst
2025-07-08 13:56:17,339,x-wing,empire,2,8,2,9,Rodia
2025-07-08 13:56:16,340,resistance_soldier,resistance,3,2,4,10,Dorin
2025-07-08 13:56:15,341,tie_silencer,resistance,4,9,5,10,Troiken
2025-07-08 13:56:14,342,resistance_soldier,resistance,2,6,2,5,Alderaan
2025-07-08 13:56:13,343,tie_fighter,resistance,1,1,3,3,Shili
2025-07-08 13:56:12,344,at-st,empire,9,6,2,6,Stewjon
2025-07-08 13:56:11,345,tie_fighter,empire,5,1,10,1,Eriadu
2025-07-08 13:56:10,346,unknown,empire,10,1,3,10,Serenno
2025-07-08 13:56:09,347,tie_silencer,resistance,2,10,3,6,Sullust
2025-07-08 13:56:08,348,at-at,resistance,10,10,8,1,Ryloth
2025-07-08 13:56:07,349,resistance_soldier,resistance,1,10,6,6,Shili
2025-07-08 13:56:06,350,tie_fighter,resistance,1,2,4,9,Vulpter
2025-07-08 13:56:05,351,stormtrooper,resistance,3,9,8,5,Quermia
2025-07-08 13:56:04,352,unknown,resistance,1,6,2,5,Trandosha
2025-07-08 13:56:03,353,stormtrooper,empire,3,7,4,3,Tholoth
2025-07-08 13:56:02,354,unknown,resistance,7,6,6,8,Tund
2025-07-08 13:56:01,355,x-wing,empire,5,8,5,2,Rodia
2025-07-08 13:56:00,356,tie_silencer,resistance,10,10,1,6,Chandrila
2025-07-08 13:55:59,357,stormtrooper,resistance,4,5,4,9,Shili
2025-07-08 13:55:58,358,at-at,resistance,4,2,5,8,Kalee
2025-07-08 13:55:57,359,unknown,empire,1,7,4,6,Quermia
2025-07-08 13:55:56,360,tie_fighter,empire,5,6,1,7,Ryloth
2025-07-08 13:55:55,361,x-wing,resistance,1,6,4,5,Mirial
2025-07-08 13:55:54,362,x-wing,resistance,2,3,3,8,Zolan
2025-07-08 13:55:53,363,tie_silencer,resistance,2,3,8,8,Eriadu
2025-07-08 13:55:52,364,tie_fighter,resistance,10,7,7,5,Sullust
2025-07-08 13:55:51,365,at-at,resistance,7,10,10,4,Glee Anselm
2025-07-08 13:55:50,366,stormtrooper,empire,3,8,2,5,Aleen Minor
2025-07-08 13:55:49,367,at-at,empire,1,2,6,5,Tholoth
2025-07-08 13:55:48,368,unknown,resistance,2,3,10,5,Kashyyyk
2025-07-08 13:55:47,369,resistance_soldier,empire,9,9,5,9,Serenno
2025-07-08 13:55:46,370,tie_fighter,empire,9,2,7,4,Aleen Minor
2025-07-08 13:55:45,371,stormtrooper,empire,10,3,7,9,Corellia
2025-07-08 13:55:44,372,x-wing,resistance,9,9,6,1,Eriadu
2025-07-08 13:55:43,373,tie_fighter,empire,7,9,8,1,Tund
2025-07-08 13:55:42,374,at-at,resistance,5,10,1,10,Kashyyyk
2025-07-08 13:55:41,375,tie_silencer,resistance,4,10,7,5,Malastare
2025-07-08 13:55:40,376,stormtrooper,resistance,1,5,10,1,Dathomir
2025-07-08 13:55:39,377,at-at,empire,4,7,5,9,Malastare
2025-07-08 13:55:38,378,at-st,empire,10,4,1,3,Malastare
2025-07-08 13:55:37,379,at-st,empire,8,4,3,6,Muunilinst
2025-07-08 13:55:36,380,at-at,resistance,6,2,3,6,Umbara
2025-07-08 13:55:35,381,at-st,empire,6,7,7,5,Tholoth
2025-07-08 13:55:34,382,at-st,resistance,10,3,7,6,Sullust
2025-07-08 13:55:33,383,stormtrooper,empire,1,6,5,6,Aleen Minor
2025-07-08 13:55:32,384,stormtrooper,empire,5,7,9,6,Muunilinst
2025-07-08 13:55:31,385,at-at,resistance,5,10,7,2,Glee Anselm
2025-07-08 13:55:30,386,stormtrooper,resistance,10,8,1,7,Mon Cala
2025-07-08 13:55:29,387,tie_fighter,empire,9,10,4,5,Troiken
2025-07-08 13:55:28,388,stormtrooper,resistance,10,3,8,2,Bestine IV
2025-07-08 13:55:27,389,resistance_soldier,resistance,2,5,5,9,Ryloth
2025-07-08 13:55:26,390,at-st,resistance,10,2,4,2,Kalee
2025-07-08 13:55:25,391,x-wing,resistance,3,7,7,2,Iridonia
2025-07-08 13:55:24,392,stormtrooper,resistance,7,6,3,8,Ryloth
2025-07-08 13:55:23,393,tie_silencer,resistance,1,1,4,6,Stewjon
2025-07-08 13:55:22,394,at-at,empire,10,1,9,8,Malastare
2025-07-08 13:55:21,395,at-st,empire,3,5,2,2,Stewjon
2025-07-08 13:55:20,396,at-at,empire,9,1,9,8,Cerea
2025-07-08 13:55:19,397,tie_silencer,empire,4,1,10,3,Tholoth
2025-07-08 13:55:18,398,x-wing,empire,3,9,10,10,Umbara
2025-07-08 13:55:17,399,unknown,empire,7,10,1,2,Serenno
2025-07-08 13:55:16,400,stormtrooper,empire,3,1,10,3,Eriadu
2025-07-08 13:55:15,401,unknown,empire,10,1,5,2,Iktotch
2025-07-08 13:55:14,402,at-at,resistance,2,9,10,6,Ojom
2025-07-08 13:55:13,403,unknown,resistance,8,10,1,2,Iktotch
2025-07-08 13:55:12,404,tie_fighter,resistance,5,8,10,5,Iktotch
2025-07-08 13:55:11,405,stormtrooper,resistance,9,7,1,6,Mon Cala
2025-07-08 13:55:10,406,x-wing,resistance,7,4,8,5,Shili
2025-07-08 13:55:09,407,tie_fighter,resistance,7,6,4,9,Troiken
2025-07-08 13:55:08,408,unknown,empire,5,9,8,7,Dathomir
2025-07-08 13:55:07,409,stormtrooper,resistance,6,5,5,9,Chandrila
2025-07-08 13:55:06,410,resistance_soldier,empire,1,6,6,6,Socorro
2025-07-08 13:55:05,411,at-at,empire,10,1,5,10,Kashyyyk
2025-07-08 13:55:04,412,x-wing,empire,7,3,7,8,Concord Dawn
2025-07-08 13:55:03,413,tie_silencer,empire,4,3,3,5,Concord Dawn
2025-07-08 13:55:02,414,stormtrooper,resistance,5,1,7,1,Umbara
2025-07-08 13:55:01,415,tie_fighter,empire,3,9,2,8,Aleen Minor
2025-07-08 13:55:00,416,at-st,empire,7,9,6,5,Mon Cala
2025-07-08 13:54:59,417,stormtrooper,resistance,1,2,8,5,Mirial
2025-07-08 13:54:58,418,stormtrooper,resistance,6,7,3,5,Alderaan
2025-07-08 13:54:57,419,unknown,resistance,9,5,3,7,Cerea
2025-07-08 13:54:56,420,resistance_soldier,resistance,1,1,6,5,Iridonia
2025-07-08 13:54:55,421,tie_silencer,empire,5,10,4,4,Aleen Minor
2025-07-08 13:54:54,422,resistance_soldier,resistance,1,8,10,10,Dagobah
2025-07-08 13:54:53,423,x-wing,resistance,6,10,6,7,Champala
2025-07-08 13:54:52,424,stormtrooper,resistance,9,8,7,9,Troiken
2025-07-08 13:54:51,425,tie_silencer,empire,5,8,2,5,Concord Dawn
2025-07-08 13:54:50,426,tie_fighter,resistance,7,6,8,3,Sullust
2025-07-08 13:54:49,427,at-st,resistance,10,9,10,7,Mon Cala
2025-07-08 13:54:48,428,resistance_soldier,empire,10,4,9,8,Tholoth
2025-07-08 13:54:47,429,resistance_soldier,empire,2,3,2,7,Champala
2025-07-08 13:54:46,430,tie_fighter,resistance,3,8,2,2,Mon Cala
2025-07-08 13:54:45,431,unknown,resistance,10,4,6,3,Tund
2025-07-08 13:54:44,432,stormtrooper,resistance,8,4,4,5,Zolan
2025-07-08 13:54:43,433,at-at,resistance,10,5,7,9,Muunilinst
2025-07-08 13:54:42,434,at-st,resistance,1,8,1,9,Naboo
2025-07-08 13:54:41,435,tie_silencer,empire,4,3,8,8,Quermia
2025-07-08 13:54:40,436,at-at,empire,5,4,8,5,Cerea
2025-07-08 13:54:39,437,x-wing,empire,2,2,2,6,Serenno
2025-07-08 13:54:38,438,unknown,empire,4,7,3,6,Stewjon
2025-07-08 13:54:37,439,tie_silencer,empire,10,8,6,8,Naboo
2025-07-08 13:54:36,440,x-wing,resistance,1,5,6,4,Tatooine
2025-07-08 13:54:35,441,resistance_soldier,resistance,2,6,2,7,Umbara
2025-07-08 13:54:34,442,tie_silencer,resistance,4,6,8,8,Dathomir
2025-07-08 13:54:33,443,at-at,empire,8,4,9,10,Ojom
2025-07-08 13:54:32,444,resistance_soldier,resistance,8,1,1,10,Dorin
2025-07-08 13:54:31,445,resistance_soldier,resistance,5,9,5,7,Aleen Minor
2025-07-08 13:54:30,446,stormtrooper,resistance,4,1,2,1,Trandosha
2025-07-08 13:54:29,447,at-st,empire,8,9,6,8,Dorin
2025-07-08 13:54:28,448,at-st,empire,1,2,9,9,Stewjon
2025-07-08 13:54:27,449,resistance_soldier,resistance,7,2,5,2,Alderaan
2025-07-08 13:54:26,450,at-at,resistance,6,9,8,8,Mon Cala
2025-07-08 13:54:25,451,unknown,resistance,2,4,6,2,Bestine IV
2025-07-08 13:54:24,452,unknown,empire,3,7,9,10,Ojom
2025-07-08 13:54:23,453,resistance_soldier,empire,9,1,6,2,Rodia
2025-07-08 13:54:22,454,unknown,resistance,8,4,9,8,Socorro
2025-07-08 13:54:21,455,tie_fighter,empire,6,5,9,3,Malastare
2025-07-08 13:54:20,456,unknown,resistance,5,8,4,2,Aleen Minor
2025-07-08 13:54:19,457,tie_silencer,resistance,2,8,3,1,Socorro
2025-07-08 13:54:18,458,tie_silencer,empire,10,7,7,9,Muunilinst
2025-07-08 13:54:17,459,x-wing,resistance,5,3,10,3,Quermia
2025-07-08 13:54:16,460,tie_fighter,resistance,6,3,5,8,Rodia
2025-07-08 13:54:15,461,x-wing,resistance,1,8,9,8,Tatooine
2025-07-08 13:54:14,462,at-st,resistance,7,4,1,4,Iktotch
2025-07-08 13:54:13,463,at-at,empire,4,7,2,9,Dathomir
2025-07-08 13:54:12,464,unknown,resistance,9,10,3,7,Haruun Kal
2025-07-08 13:54:11,465,stormtrooper,empire,10,2,9,6,Glee Anselm
2025-07-08 13:54:10,466,at-st,resistance,10,6,9,10,Chandrila
2025-07-08 13:54:09,467,at-st,empire,5,8,8,5,Tatooine
2025-07-08 13:54:08,468,at-at,empire,10,8,4,4,Concord Dawn
2025-07-08 13:54:07,469,stormtrooper,resistance,10,2,10,8,Troiken
2025-07-08 13:54:06,470,tie_silencer,empire,4,1,7,4,Aleen Minor
2025-07-08 13:54:05,471,unknown,empire,2,5,1,10,Aleen Minor
2025-07-08 13:54:04,472,x-wing,resistance,6,10,8,10,Glee Anselm
2025-07-08 13:54:03,473,tie_fighter,resistance,4,9,2,2,Tatooine
2025-07-08 13:54:02,474,tie_fighter,resistance,1,1,9,6,Skako
2025-07-08 13:54:01,475,unknown,resistance,10,8,6,4,Chandrila
2025-07-08 13:54:00,476,resistance_soldier,empire,4,5,9,10,Shili
2025-07-08 13:53:59,477,at-at,resistance,4,2,1,9,Iktotch
2025-07-08 13:53:58,478,stormtrooper,empire,6,9,6,4,Muunilinst
2025-07-08 13:53:57,479,unknown,resistance,5,2,3,10,Iktotch
2025-07-08 13:53:56,480,tie_silencer,resistance,6,7,1,10,Bestine IV
2025-07-08 13:53:55,481,unknown,empire,8,5,6,5,Muunilinst
2025-07-08 13:53:54,482,x-wing,resistance,7,7,4,10,Ojom
2025-07-08 13:53:53,483,tie_silencer,resistance,5,1,3,8,Haruun Kal
2025-07-08 13:53:52,484,at-at,resistance,8,6,10,4,Eriadu
2025-07-08 13:53:51,485,unknown,resistance,6,8,5,10,Kalee
2025-07-08 13:53:50,486,at-st,empire,9,5,10,7,Ojom
2025-07-08 13:53:49,487,at-st,resistance,1,3,9,4,Glee Anselm
2025-07-08 13:53:48,488,unknown,resistance,6,2,3,6,Haruun Kal
2025-07-08 13:53:47,489,at-at,empire,8,9,6,10,Socorro
2025-07-08 13:53:46,490,unknown,resistance,7,8,6,2,Ojom
2025-07-08 13:53:45,491,tie_fighter,empire,5,9,2,4,Eriadu
2025-07-08 13:53:44,492,at-at,resistance,2,6,2,7,Mon Cala
2025-07-08 13:53:43,493,at-at,empire,6,5,8,2,Socorro
2025-07-08 13:53:42,494,x-wing,empire,4,7,7,3,Corellia
2025-07-08 13:53:41,495,unknown,resistance,7,7,5,6,Dathomir
2025-07-08 13:53:40,496,tie_fighter,empire,1,3,8,6,Stewjon
2025-07-08 13:53:39,497,unknown,resistance,8,2,8,2,Chandrila
2025-07-08 13:53:38,498,tie_fighter,empire,2,7,2,10,Rodia
2025-07-08 13:53:37,499,tie_silencer,empire,2,10,10,1,Dorin
2025-07-08 13:53:36,500,tie_fighter,empire,4,2,2,2,Dathomir
2025-07-08 13:53:35,501,stormtrooper,empire,8,8,3,2,Stewjon
2025-07-08 13:53:34,502,tie_fighter,resistance,8,8,10,5,Rodia
2025-07-08 13:53:33,503,x-wing,resistance,8,6,6,2,Concord Dawn
2025-07-08 13:53:32,504,unknown,empire,8,4,5,1,Aleen Minor
2025-07-08 13:53:31,505,resistance_soldier,empire,1,7,8,5,Aleen Minor
2025-07-08 13:53:30,506,stormtrooper,empire,1,7,6,9,Toydaria
2025-07-08 13:53:29,507,stormtrooper,resistance,10,1,6,4,Umbara
2025-07-08 13:53:28,508,unknown,resistance,3,8,3,7,Naboo
2025-07-08 13:53:27,509,unknown,resistance,6,7,5,1,Socorro
2025-07-08 13:53:26,510,x-wing,resistance,2,6,1,5,Bestine IV
2025-07-08 13:53:25,511,at-st,resistance,5,3,10,7,Iktotch
2025-07-08 13:53:24,512,unknown,empire,6,6,2,5,Tund
2025-07-08 13:53:23,513,unknown,resistance,2,3,10,3,Iktotch
2025-07-08 13:53:22,514,unknown,resistance,8,4,3,4,Toydaria
2025-07-08 13:53:21,515,at-at,empire,1,9,5,8,Vulpter
2025-07-08 13:53:20,516,stormtrooper,empire,9,10,4,1,Aleen Minor
2025-07-08 13:53:19,517,stormtrooper,resistance,9,4,10,10,Cerea
2025-07-08 13:53:18,518,x-wing,empire,1,3,10,1,Bestine IV
2025-07-08 13:53:17,519,at-at,resistance,7,6,3,3,Vulpter
2025-07-08 13:53:16,520,stormtrooper,empire,8,6,5,9,Tund
2025-07-08 13:53:15,521,tie_fighter,resistance,8,10,7,5,Iridonia
2025-07-08 13:53:14,522,tie_fighter,empire,9,8,7,6,Dagobah
2025-07-08 13:53:13,523,tie_fighter,resistance,6,10,9,4,Iridonia
2025-07-08 13:53:12,524,resistance_soldier,resistance,5,6,3,7,Umbara
2025-07-08 13:53:11,525,resistance_soldier,empire,4,9,7,9,Cerea
2025-07-08 13:53:10,526,unknown,resistance,8,9,6,6,Mon Cala
2025-07-08 13:53:09,527,unknown,empire,1,5,10,3,Stewjon
2025-07-08 13:53:08,528,tie_silencer,empire,3,2,10,2,Eriadu
2025-07-08 13:53:07,529,resistance_soldier,empire,3,2,9,2,Tholoth
2025-07-08 13:53:06,530,at-at,resistance,4,5,2,5,Cerea
2025-07-08 13:53:05,531,tie_fighter,empire,3,5,5,9,Tund
2025-07-08 13:53:04,532,tie_fighter,empire,4,5,2,10,Champala
2025-07-08 13:53:03,533,at-at,resistance,6,5,10,7,Tatooine
2025-07-08 13:53:02,534,at-st,resistance,8,5,3,9,Troiken
2025-07-08 13:53:01,535,resistance_soldier,resistance,8,2,1,5,Iridonia
2025-07-08 13:53:00,536,stormtrooper,resistance,10,9,3,10,Sullust
2025-07-08 13:52:59,537,x-wing,empire,2,10,6,7,Muunilinst
2025-07-08 13:52:58,538,at-st,empire,10,3,6,5,Stewjon
2025-07-08 13:52:57,539,x-wing,resistance,3,8,6,7,Naboo
2025-07-08 13:52:56,540,stormtrooper,resistance,4,5,5,8,Kalee
2025-07-08 13:52:55,541,resistance_soldier,empire,4,2,5,8,Corellia
2025-07-08 13:52:54,542,resistance_soldier,empire,7,1,7,2,Mirial
2025-07-08 13:52:53,543,tie_fighter,empire,1,7,8,6,Skako
2025-07-08 13:52:52,544,at-at,empire,1,8,2,6,Corellia
2025-07-08 13:52:51,545,resistance_soldier,resistance,5,7,3,3,Dathomir
2025-07-08 13:52:50,546,stormtrooper,resistance,9,6,6,1,Aleen Minor
2025-07-08 13:52:49,547,resistance_soldier,resistance,4,3,2,7,Socorro
2025-07-08 13:52:48,548,stormtrooper,resistance,8,7,8,1,Tatooine
2025-07-08 13:52:47,549,tie_silencer,resistance,10,10,4,8,Alderaan
2025-07-08 13:52:46,550,resistance_soldier,empire,7,9,3,8,Malastare
2025-07-08 13:52:45,551,at-st,empire,6,8,7,1,Rodia
2025-07-08 13:52:44,552,resistance_soldier,empire,5,7,1,8,Concord Dawn
2025-07-08 13:52:43,553,unknown,resistance,9,7,9,1,Umbara
2025-07-08 13:52:42,554,stormtrooper,empire,8,3,6,9,Tund
2025-07-08 13:52:41,555,at-st,empire,5,8,2,6,Dagobah
2025-07-08 13:52:40,556,tie_fighter,resistance,8,10,7,4,Haruun Kal
2025-07-08 13:52:39,557,at-at,resistance,8,4,2,10,Troiken
2025-07-08 13:52:38,558,unknown,resistance,5,8,2,1,Mirial
2025-07-08 13:52:37,559,x-wing,resistance,7,8,8,7,Eriadu
2025-07-08 13:52:36,560,stormtrooper,empire,6,2,1,7,Tholoth
2025-07-08 13:52:35,561,unknown,empire,1,7,5,2,Kalee
2025-07-08 13:52:34,562,x-wing,resistance,6,10,6,5,Alderaan
2025-07-08 13:52:33,563,x-wing,resistance,1,10,4,2,Chandrila
2025-07-08 13:52:32,564,stormtrooper,resistance,3,4,4,9,Aleen Minor
2025-07-08 13:52:31,565,unknown,resistance,1,4,8,8,Mon Cala
2025-07-08 13:52:30,566,tie_silencer,resistance,8,5,5,3,Tholoth
2025-07-08 13:52:29,567,tie_fighter,resistance,8,10,4,10,Sullust
2025-07-08 13:52:28,568,tie_fighter,empire,1,9,9,5,Serenno
2025-07-08 13:52:27,569,x-wing,empire,3,9,9,4,Corellia
2025-07-08 13:52:26,570,tie_fighter,resistance,3,5,9,8,Trandosha
2025-07-08 13:52:25,571,at-st,empire,10,10,7,6,Shili
2025-07-08 13:52:24,572,at-at,resistance,3,7,7,2,Sullust
2025-07-08 13:52:23,573,at-at,empire,8,3,4,4,Haruun Kal
2025-07-08 13:52:22,574,resistance_soldier,resistance,8,5,4,1,Malastare
2025-07-08 13:52:21,575,at-st,empire,9,2,6,7,Mirial
2025-07-08 13:52:20,576,tie_silencer,empire,1,2,4,9,Cerea
2025-07-08 13:52:19,577,x-wing,empire,10,1,2,5,Trandosha
2025-07-08 13:52:18,578,unknown,resistance,10,4,4,5,Chandrila
2025-07-08 13:52:17,579,unknown,resistance,10,8,10,7,Sullust
2025-07-08 13:52:16,580,unknown,empire,9,5,6,8,Dorin
2025-07-08 13:52:15,581,tie_silencer,empire,4,1,7,4,Tatooine
2025-07-08 13:52:14,582,stormtrooper,empire,10,7,9,7,Dagobah
2025-07-08 13:52:13,583,unknown,empire,5,6,10,8,Socorro
2025-07-08 13:52:12,584,at-at,empire,1,4,2,3,Stewjon
2025-07-08 13:52:11,585,at-st,resistance,2,10,4,4,Dorin
2025-07-08 13:52:10,586,at-st,resistance,7,3,9,8,Tatooine
2025-07-08 13:52:09,587,at-at,empire,4,2,6,5,Mirial
2025-07-08 13:52:08,588,unknown,empire,7,3,8,4,Dagobah
2025-07-08 13:52:07,589,tie_fighter,empire,3,4,6,3,Tatooine
2025-07-08 13:52:06,590,resistance_soldier,resistance,1,3,8,8,Mon Cala
2025-07-08 13:52:05,591,tie_silencer,resistance,4,4,9,3,Tholoth
2025-07-08 13:52:04,592,at-at,empire,10,1,5,3,Vulpter
2025-07-08 13:52:03,593,tie_fighter,empire,1,3,8,8,Trandosha
2025-07-08 13:52:02,594,at-at,resistance,9,4,7,8,Dathomir
2025-07-08 13:52:01,595,tie_silencer,empire,4,5,3,8,Quermia
2025-07-08 13:52:00,596,at-at,empire,6,6,10,6,Socorro
2025-07-08 13:51:59,597,at-at,resistance,1,9,2,8,Umbara
2025-07-08 13:51:58,598,unknown,empire,10,3,4,9,Corellia
2025-07-08 13:51:57,599,at-at,resistance,6,2,9,5,Mirial
2025-07-08 13:51:56,600,at-at,empire,2,9,8,5,Muunilinst
2025-07-08 13:51:55,601,tie_fighter,empire,3,10,8,1,Toydaria
2025-07-08 13:51:54,602,stormtrooper,empire,7,9,5,3,Stewjon
2025-07-08 13:51:53,603,at-st,empire,1,8,5,8,Ryloth
2025-07-08 13:51:52,604,tie_fighter,resistance,2,9,9,5,Mon Cala
2025-07-08 13:51:51,605,at-at,resistance,1,5,4,2,Umbara
2025-07-08 13:51:50,606,x-wing,empire,9,3,5,10,Rodia
2025-07-08 13:51:49,607,stormtrooper,empire,4,5,8,4,Champala
2025-07-08 13:51:48,608,tie_silencer,empire,1,9,4,8,Kalee
2025-07-08 13:51:47,609,tie_silencer,empire,7,4,6,7,Toydaria
2025-07-08 13:51:46,610,stormtrooper,resistance,6,8,9,1,Stewjon
2025-07-08 13:51:45,611,stormtrooper,resistance,10,8,4,5,Vulpter
2025-07-08 13:51:44,612,tie_fighter,empire,4,1,4,9,Naboo
2025-07-08 13:51:43,613,tie_fighter,empire,9,7,5,9,Glee Anselm
2025-07-08 13:51:42,614,tie_silencer,resistance,1,1,1,8,Cerea
2025-07-08 13:51:41,615,tie_fighter,resistance,6,9,3,2,Vulpter
2025-07-08 13:51:40,616,tie_silencer,empire,10,5,10,6,Malastare
2025-07-08 13:51:39,617,x-wing,resistance,9,3,9,3,Muunilinst
2025-07-08 13:51:38,618,tie_fighter,resistance,8,4,2,4,Rodia
2025-07-08 13:51:37,619,tie_fighter,resistance,6,7,4,1,Dorin
2025-07-08 13:51:36,620,tie_fighter,empire,8,9,2,3,Corellia
2025-07-08 13:51:35,621,unknown,resistance,4,5,4,7,Ojom
2025-07-08 13:51:34,622,x-wing,resistance,3,8,2,4,Champala
2025-07-08 13:51:33,623,stormtrooper,empire,8,9,3,3,Shili
2025-07-08 13:51:32,624,tie_silencer,resistance,4,3,1,5,Glee Anselm
2025-07-08 13:51:31,625,unknown,empire,7,3,7,3,Troiken
2025-07-08 13:51:30,626,tie_silencer,resistance,2,3,8,7,Tatooine
2025-07-08 13:51:29,627,tie_fighter,resistance,5,1,7,5,Socorro
2025-07-08 13:51:28,628,unknown,empire,5,4,4,1,Aleen Minor
2025-07-08 13:51:27,629,stormtrooper,resistance,9,5,9,7,Quermia
2025-07-08 13:51:26,630,stormtrooper,empire,1,7,1,4,Mirial
2025-07-08 13:51:25,631,resistance_soldier,resistance,1,8,9,6,Aleen Minor
2025-07-08 13:51:24,632,tie_fighter,resistance,3,4,6,4,Alderaan
2025-07-08 13:51:23,633,unknown,empire,6,4,9,4,Trandosha
2025-07-08 13:51:22,634,at-st,empire,8,3,8,4,Mirial
2025-07-08 13:51:21,635,at-st,empire,1,4,2,6,Champala
2025-07-08 13:51:20,636,tie_fighter,empire,7,3,4,3,Skako
2025-07-08 13:51:19,637,resistance_soldier,resistance,2,2,9,2,Socorro
2025-07-08 13:51:18,638,x-wing,resistance,2,3,5,4,Aleen Minor
2025-07-08 13:51:17,639,at-at,resistance,9,8,10,5,Tholoth
2025-07-08 13:51:16,640,x-wing,resistance,7,4,5,6,Umbara
2025-07-08 13:51:15,641,tie_silencer,empire,4,8,2,7,Concord Dawn
2025-07-08 13:51:14,642,at-st,resistance,4,7,2,1,Trandosha
2025-07-08 13:51:13,643,stormtrooper,empire,5,2,5,8,Naboo
2025-07-08 13:51:12,644,stormtrooper,resistance,5,8,7,8,Mon Cala
2025-07-08 13:51:11,645,at-at,resistance,3,6,4,10,Kalee
2025-07-08 13:51:10,646,at-at,empire,8,7,5,10,Chandrila
2025-07-08 13:51:09,647,unknown,empire,6,4,2,6,Serenno
2025-07-08 13:51:08,648,tie_fighter,resistance,5,8,8,5,Ryloth
2025-07-08 13:51:07,649,tie_fighter,resistance,1,3,9,8,Chandrila
2025-07-08 13:51:06,650,stormtrooper,resistance,1,3,6,1,Tholoth
2025-07-08 13:51:05,651,at-at,resistance,8,2,6,7,Trandosha
2025-07-08 13:51:04,652,x-wing,empire,4,9,3,4,Serenno
2025-07-08 13:51:03,653,at-st,empire,1,7,3,2,Eriadu
2025-07-08 13:51:02,654,resistance_soldier,empire,7,3,5,7,Toydaria
2025-07-08 13:51:01,655,tie_silencer,empire,8,3,8,4,Serenno
2025-07-08 13:51:00,656,unknown,empire,7,1,5,8,Muunilinst
2025-07-08 13:50:59,657,at-at,empire,8,5,8,8,Bestine IV
2025-07-08 13:50:58,658,stormtrooper,empire,7,5,7,3,Tund
2025-07-08 13:50:57,659,at-at,empire,8,1,10,4,Kashyyyk
2025-07-08 13:50:56,660,unknown,empire,7,6,1,3,Serenno
2025-07-08 13:50:55,661,at-at,empire,5,6,3,3,Trandosha
2025-07-08 13:50:54,662,resistance_soldier,resistance,3,2,1,8,Mirial
2025-07-08 13:50:53,663,x-wing,resistance,7,9,5,4,Rodia
2025-07-08 13:50:52,664,at-at,resistance,9,9,2,1,Champala
2025-07-08 13:50:51,665,x-wing,resistance,8,7,5,4,Aleen Minor
2025-07-08 13:50:50,666,tie_silencer,resistance,4,7,1,10,Aleen Minor
2025-07-08 13:50:49,667,at-at,empire,4,3,9,3,Iridonia
2025-07-08 13:50:48,668,tie_fighter,resistance,4,7,7,6,Serenno
2025-07-08 13:50:47,669,x-wing,resistance,6,5,2,4,Kalee
2025-07-08 13:50:46,670,x-wing,resistance,4,6,9,1,Haruun Kal
2025-07-08 13:50:45,671,x-wing,resistance,3,9,8,6,Kalee
2025-07-08 13:50:44,672,x-wing,empire,8,4,4,5,Toydaria
2025-07-08 13:50:43,673,unknown,empire,2,7,2,2,Dagobah
2025-07-08 13:50:42,674,x-wing,empire,7,9,9,6,Tatooine
2025-07-08 13:50:41,675,at-st,empire,9,9,2,2,Rodia
2025-07-08 13:50:40,676,unknown,empire,4,8,9,3,Skako
2025-07-08 13:50:39,677,resistance_soldier,resistance,2,2,4,1,Dorin
2025-07-08 13:50:38,678,at-st,resistance,10,2,3,3,Mon Cala
2025-07-08 13:50:37,679,x-wing,resistance,4,6,3,8,Iktotch
2025-07-08 13:50:36,680,at-st,empire,4,8,2,7,Concord Dawn
2025-07-08 13:50:35,681,at-at,empire,3,1,5,8,Concord Dawn
2025-07-08 13:50:34,682,x-wing,empire,4,10,3,7,Rodia
2025-07-08 13:50:33,683,tie_fighter,empire,9,2,3,8,Tholoth
2025-07-08 13:50:32,684,unknown,empire,10,2,2,10,Toydaria
2025-07-08 13:50:31,685,at-at,resistance,9,5,1,8,Dathomir
2025-07-08 13:50:30,686,at-at,resistance,9,6,6,7,Iridonia
2025-07-08 13:50:29,687,stormtrooper,resistance,5,2,1,8,Vulpter
2025-07-08 13:50:28,688,at-at,resistance,10,7,9,5,Zolan
2025-07-08 13:50:27,689,tie_fighter,empire,5,4,7,9,Aleen Minor
2025-07-08 13:50:26,690,x-wing,resistance,10,7,5,6,Sullust
2025-07-08 13:50:25,691,at-st,empire,1,10,3,10,Kalee
2025-07-08 13:50:24,692,at-st,resistance,10,7,2,2,Eriadu
2025-07-08 13:50:23,693,at-st,empire,4,3,8,1,Mirial
2025-07-08 13:50:22,694,resistance_soldier,empire,6,6,5,1,Serenno
2025-07-08 13:50:21,695,unknown,empire,8,2,1,1,Cerea
2025-07-08 13:50:20,696,at-at,empire,5,4,1,10,Tholoth
2025-07-08 13:50:19,697,unknown,empire,8,6,7,4,Tatooine
2025-07-08 13:50:18,698,tie_fighter,empire,2,9,2,4,Muunilinst
2025-07-08 13:50:17,699,resistance_soldier,resistance,6,5,7,2,Skako
2025-07-08 13:50:16,700,at-at,resistance,4,7,7,9,Champala
2025-07-08 13:50:15,701,tie_fighter,empire,9,6,4,1,Iktotch
2025-07-08 13:50:14,702,resistance_soldier,resistance,2,5,3,9,Rodia
2025-07-08 13:50:13,703,stormtrooper,resistance,9,4,4,2,Cerea
2025-07-08 13:50:12,704,tie_fighter,resistance,4,10,9,4,Haruun Kal
2025-07-08 13:50:11,705,at-st,empire,6,7,10,9,Dagobah
2025-07-08 13:50:10,706,tie_silencer,empire,7,5,2,4,Glee Anselm
2025-07-08 13:50:09,707,resistance_soldier,resistance,8,8,6,5,Glee Anselm
2025-07-08 13:50:08,708,tie_fighter,empire,2,4,3,7,Ojom
2025-07-08 13:50:07,709,stormtrooper,resistance,9,7,9,5,Dathomir
2025-07-08 13:50:06,710,tie_fighter,resistance,3,10,9,7,Sullust
2025-07-08 13:50:05,711,at-st,resistance,5,10,4,5,Sullust
2025-07-08 13:50:04,712,resistance_soldier,resistance,5,6,4,6,Kashyyyk
2025-07-08 13:50:03,713,resistance_soldier,resistance,7,5,9,8,Bestine IV
2025-07-08 13:50:02,714,tie_silencer,empire,7,9,6,1,Corellia
2025-07-08 13:50:01,715,stormtrooper,empire,3,10,1,6,Concord Dawn
2025-07-08 13:50:00,716,x-wing,empire,5,8,2,5,Eriadu
2025-07-08 13:49:59,717,at-at,empire,3,4,9,3,Cerea
2025-07-08 13:49:58,718,tie_fighter,resistance,7,5,8,2,Kashyyyk
2025-07-08 13:49:57,719,x-wing,empire,1,3,7,4,Muunilinst
2025-07-08 13:49:56,720,at-st,empire,9,7,5,6,Toydaria
2025-07-08 13:49:55,721,unknown,empire,9,4,4,7,Stewjon
2025-07-08 13:49:54,722,x-wing,resistance,1,10,2,10,Kashyyyk
2025-07-08 13:49:53,723,unknown,empire,5,1,6,8,Zolan
2025-07-08 13:49:52,724,tie_fighter,empire,10,1,1,10,Skako
2025-07-08 13:49:51,725,tie_silencer,resistance,4,1,7,3,Troiken
2025-07-08 13:49:50,726,x-wing,resistance,9,10,10,6,Naboo
2025-07-08 13:49:49,727,stormtrooper,resistance,8,1,2,5,Cerea
2025-07-08 13:49:48,728,unknown,empire,4,5,9,4,Mirial
2025-07-08 13:49:47,729,tie_silencer,empire,6,7,2,6,Rodia
2025-07-08 13:49:46,730,resistance_soldier,empire,7,9,7,8,Tund
2025-07-08 13:49:45,731,unknown,resistance,10,10,2,5,Rodia
2025-07-08 13:49:44,732,unknown,resistance,3,3,7,7,Zolan
2025-07-08 13:49:43,733,stormtrooper,resistance,2,10,10,4,Dagobah
2025-07-08 13:49:42,734,stormtrooper,resistance,3,10,4,6,Bestine IV
2025-07-08 13:49:41,735,resistance_soldier,resistance,8,9,9,5,Dathomir
2025-07-08 13:49:40,736,at-at,empire,6,7,3,3,Rodia
2025-07-08 13:49:39,737,unknown,resistance,10,7,5,4,Cerea
2025-07-08 13:49:38,738,at-st,resistance,5,7,3,8,Troiken
2025-07-08 13:49:37,739,at-st,empire,1,1,10,10,Champala
2025-07-08 13:49:36,740,stormtrooper,empire,8,10,8,1,Dagobah
2025-07-08 13:49:35,741,stormtrooper,empire,8,4,1,1,Toydaria
2025-07-08 13:49:34,742,at-st,empire,4,2,3,2,Glee Anselm
2025-07-08 13:49:33,743,tie_silencer,resistance,7,5,2,9,Concord Dawn
2025-07-08 13:49:32,744,at-at,empire,6,1,3,1,Zolan
2025-07-08 13:49:31,745,x-wing,empire,7,10,6,9,Concord Dawn
2025-07-08 13:49:30,746,tie_fighter,empire,3,2,8,2,Trandosha
2025-07-08 13:49:29,747,unknown,empire,6,9,3,6,Tholoth
2025-07-08 13:49:28,748,x-wing,resistance,5,4,9,1,Aleen Minor
2025-07-08 13:49:27,749,unknown,empire,2,1,6,4,Tatooine
2025-07-08 13:49:26,750,at-st,resistance,2,10,2,5,Mirial
2025-07-08 13:49:25,751,tie_silencer,resistance,3,8,9,6,Haruun Kal
2025-07-08 13:49:24,752,x-wing,resistance,8,3,4,1,Champala
2025-07-08 13:49:23,753,tie_fighter,empire,2,9,2,5,Serenno
2025-07-08 13:49:22,754,unknown,resistance,3,1,5,6,Stewjon
2025-07-08 13:49:21,755,unknown,resistance,4,10,7,2,Iktotch
2025-07-08 13:49:20,756,at-st,resistance,1,6,10,4,Chandrila
2025-07-08 13:49:19,757,x-wing,resistance,9,10,4,5,Toydaria
2025-07-08 13:49:18,758,resistance_soldier,empire,10,7,4,6,Tholoth
2025-07-08 13:49:17,759,stormtrooper,empire,7,6,7,3,Bestine IV
2025-07-08 13:49:16,760,tie_silencer,resistance,4,1,3,9,Shili
2025-07-08 13:49:15,761,tie_silencer,empire,10,3,6,4,Champala
2025-07-08 13:49:14,762,at-at,empire,2,1,4,4,Tund
2025-07-08 13:49:13,763,stormtrooper,empire,10,3,9,4,Iktotch
2025-07-08 13:49:12,764,tie_fighter,resistance,4,1,1,5,Sullust
2025-07-08 13:49:11,765,at-st,empire,10,5,3,2,Bestine IV
2025-07-08 13:49:10,766,x-wing,empire,8,9,9,10,Eriadu
2025-07-08 13:49:09,767,at-at,resistance,3,7,1,5,Concord Dawn
2025-07-08 13:49:08,768,tie_silencer,empire,8,4,4,9,Zolan
2025-07-08 13:49:07,769,at-at,resistance,8,7,10,3,Cerea
2025-07-08 13:49:06,770,stormtrooper,empire,8,5,7,1,Muunilinst
2025-07-08 13:49:05,771,tie_silencer,empire,10,5,8,3,Naboo
2025-07-08 13:49:04,772,tie_silencer,empire,2,4,7,8,Dagobah
2025-07-08 13:49:03,773,resistance_soldier,empire,9,5,10,5,Kashyyyk
2025-07-08 13:49:02,774,stormtrooper,resistance,6,5,1,10,Tatooine
2025-07-08 13:49:01,775,stormtrooper,empire,1,5,1,2,Cerea
2025-07-08 13:49:00,776,tie_fighter,empire,1,1,4,7,Dorin
2025-07-08 13:48:59,777,stormtrooper,resistance,3,6,4,1,Quermia
2025-07-08 13:48:58,778,resistance_soldier,resistance,6,10,6,1,Bestine IV
2025-07-08 13:48:57,779,tie_silencer,resistance,3,9,4,3,Bestine IV
2025-07-08 13:48:56,780,stormtrooper,empire,8,1,10,7,Zolan
2025-07-08 13:48:55,781,x-wing,resistance,8,9,7,5,Iktotch
2025-07-08 13:48:54,782,stormtrooper,resistance,10,1,5,10,Mon Cala
2025-07-08 13:48:53,783,stormtrooper,resistance,5,5,7,7,Champala
2025-07-08 13:48:52,784,x-wing,empire,10,4,6,1,Shili
2025-07-08 13:48:51,785,at-st,empire,6,2,4,6,Concord Dawn
2025-07-08 13:48:50,786,resistance_soldier,empire,4,3,2,5,Iridonia
2025-07-08 13:48:49,787,unknown,resistance,4,9,3,4,Glee Anselm
2025-07-08 13:48:48,788,at-st,empire,2,3,8,10,Vulpter
2025-07-08 13:48:47,789,stormtrooper,empire,6,10,8,6,Mirial
2025-07-08 13:48:46,790,stormtrooper,empire,8,10,5,1,Aleen Minor
2025-07-08 13:48:45,791,unknown,resistance,1,1,5,10,Champala
2025-07-08 13:48:44,792,tie_silencer,empire,10,7,1,2,Troiken
2025-07-08 13:48:43,793,stormtrooper,empire,7,8,9,3,Rodia
2025-07-08 13:48:42,794,tie_fighter,resistance,4,1,10,9,Troiken
2025-07-08 13:48:41,795,unknown,empire,7,5,10,5,Skako
2025-07-08 13:48:40,796,at-st,empire,2,9,7,6,Bestine IV
2025-07-08 13:48:39,797,tie_fighter,resistance,3,10,1,3,Kashyyyk
2025-07-08 13:48:38,798,resistance_soldier,resistance,8,9,3,8,Haruun Kal
2025-07-08 13:48:37,799,tie_silencer,resistance,9,8,5,2,Ryloth
2025-07-08 13:48:36,800,tie_fighter,resistance,7,1,8,3,Haruun Kal
2025-07-08 13:48:35,801,stormtrooper,resistance,9,10,10,7,Bestine IV
2025-07-08 13:48:34,802,tie_silencer,resistance,2,3,3,6,Haruun Kal
2025-07-08 13:48:33,803,at-at,resistance,7,9,8,1,Kashyyyk
2025-07-08 13:48:32,804,tie_silencer,resistance,2,2,3,3,Iktotch
2025-07-08 13:48:31,805,tie_fighter,resistance,8,9,8,3,Ojom
2025-07-08 13:48:30,806,stormtrooper,empire,3,7,10,6,Dorin
2025-07-08 13:48:29,807,stormtrooper,empire,6,5,1,4,Mirial
2025-07-08 13:48:28,808,x-wing,empire,2,1,4,3,Bestine IV
2025-07-08 13:48:27,809,at-at,resistance,6,3,1,8,Socorro
2025-07-08 13:48:26,810,at-st,empire,10,1,4,7,Trandosha
2025-07-08 13:48:25,811,stormtrooper,empire,4,7,3,9,Trandosha
2025-07-08 13:48:24,812,x-wing,empire,4,3,7,6,Chandrila
2025-07-08 13:48:23,813,tie_fighter,resistance,3,6,8,10,Shili
2025-07-08 13:48:22,814,tie_silencer,empire,2,5,3,8,Malastare
2025-07-08 13:48:21,815,x-wing,resistance,2,1,10,1,Haruun Kal
2025-07-08 13:48:20,816,stormtrooper,empire,7,6,3,9,Stewjon
2025-07-08 13:48:19,817,tie_silencer,resistance,2,8,3,8,Champala
2025-07-08 13:48:18,818,resistance_soldier,resistance,9,4,8,8,Sullust
2025-07-08 13:48:17,819,x-wing,resistance,8,7,3,7,Tholoth
2025-07-08 13:48:16,820,at-st,resistance,5,10,8,4,Zolan
2025-07-08 13:48:15,821,unknown,resistance,3,9,3,6,Shili
2025-07-08 13:48:14,822,at-at,resistance,9,3,4,2,Dorin
2025-07-08 13:48:13,823,at-at,empire,7,2,9,1,Tatooine
2025-07-08 13:48:12,824,at-st,resistance,7,3,10,10,Aleen Minor
2025-07-08 13:48:11,825,tie_fighter,resistance,6,1,5,7,Chandrila
2025-07-08 13:48:10,826,tie_fighter,empire,8,3,10,3,Corellia
2025-07-08 13:48:09,827,at-at,resistance,8,5,3,6,Naboo
2025-07-08 13:48:08,828,at-at,empire,7,5,10,10,Corellia
2025-07-08 13:48:07,829,x-wing,empire,3,7,3,2,Tatooine
2025-07-08 13:48:06,830,unknown,resistance,5,8,8,1,Iktotch
2025-07-08 13:48:05,831,tie_fighter,empire,4,9,3,4,Trandosha
2025-07-08 13:48:04,832,at-st,resistance,1,8,10,1,Rodia
2025-07-08 13:48:03,833,resistance_soldier,resistance,8,3,10,6,Kashyyyk
2025-07-08 13:48:02,834,resistance_soldier,empire,10,9,1,2,Sullust
2025-07-08 13:48:01,835,tie_fighter,empire,3,2,8,7,Skako
2025-07-08 13:48:00,836,tie_silencer,empire,2,1,9,4,Tund
2025-07-08 13:47:59,837,at-st,resistance,10,4,9,3,Troiken
2025-07-08 13:47:58,838,x-wing,empire,8,1,9,10,Tholoth
2025-07-08 13:47:57,839,stormtrooper,resistance,8,8,9,2,Trandosha
2025-07-08 13:47:56,840,at-at,empire,10,7,7,5,Haruun Kal
2025-07-08 13:47:55,841,at-st,resistance,3,5,7,6,Ryloth
2025-07-08 13:47:54,842,unknown,empire,8,10,8,2,Dagobah
2025-07-08 13:47:53,843,at-at,empire,6,8,3,5,Aleen Minor
2025-07-08 13:47:52,844,x-wing,resistance,5,8,7,9,Eriadu
2025-07-08 13:47:51,845,x-wing,empire,2,2,6,2,Mirial
2025-07-08 13:47:50,846,unknown,empire,1,10,10,4,Corellia
2025-07-08 13:47:49,847,tie_fighter,resistance,5,7,2,6,Serenno
2025-07-08 13:47:48,848,unknown,resistance,4,5,5,3,Umbara
2025-07-08 13:47:47,849,unknown,resistance,3,6,4,10,Alderaan
2025-07-08 13:47:46,850,tie_fighter,empire,1,9,8,10,Tund
2025-07-08 13:47:45,851,x-wing,empire,2,1,3,2,Skako
2025-07-08 13:47:44,852,stormtrooper,resistance,8,2,10,6,Dathomir
2025-07-08 13:47:43,853,tie_silencer,empire,3,5,3,5,Trandosha
2025-07-08 13:47:42,854,tie_silencer,resistance,8,1,6,7,Chandrila
2025-07-08 13:47:41,855,tie_fighter,empire,1,3,5,7,Naboo
2025-07-08 13:47:40,856,at-st,empire,9,10,3,7,Tholoth
2025-07-08 13:47:39,857,x-wing,empire,3,1,10,8,Dagobah
2025-07-08 13:47:38,858,at-at,empire,10,7,4,2,Serenno
2025-07-08 13:47:37,859,unknown,resistance,10,10,6,4,Mirial
2025-07-08 13:47:36,860,resistance_soldier,resistance,8,4,4,7,Dathomir
2025-07-08 13:47:35,861,tie_fighter,resistance,2,2,2,1,Haruun Kal
2025-07-08 13:47:34,862,x-wing,resistance,7,8,10,1,Aleen Minor
2025-07-08 13:47:33,863,unknown,empire,7,1,9,4,Tund
2025-07-08 13:47:32,864,at-st,empire,9,4,1,3,Trandosha
2025-07-08 13:47:31,865,at-st,resistance,7,3,1,2,Kashyyyk
2025-07-08 13:47:30,866,x-wing,resistance,8,7,7,4,Iridonia
2025-07-08 13:47:29,867,stormtrooper,resistance,9,2,5,5,Kashyyyk
2025-07-08 13:47:28,868,x-wing,resistance,7,3,8,1,Trandosha
2025-07-08 13:47:27,869,at-st,resistance,7,9,5,9,Aleen Minor
2025-07-08 13:47:26,870,tie_fighter,resistance,7,3,9,2,Mirial
2025-07-08 13:47:25,871,at-at,resistance,10,7,8,9,Vulpter
2025-07-08 13:47:24,872,tie_silencer,empire,4,3,10,9,Tatooine
2025-07-08 13:47:23,873,resistance_soldier,empire,10,4,2,6,Tatooine
2025-07-08 13:47:22,874,at-st,resistance,2,5,8,8,Dorin
2025-07-08 13:47:21,875,unknown,empire,1,1,10,4,Mirial
2025-07-08 13:47:20,876,tie_silencer,empire,8,4,7,9,Quermia
2025-07-08 13:47:19,877,at-at,empire,7,9,1,5,Ryloth
2025-07-08 13:47:18,878,unknown,resistance,7,8,4,8,Ryloth
2025-07-08 13:47:17,879,at-at,resistance,5,7,9,1,Alderaan
2025-07-08 13:47:16,880,resistance_soldier,resistance,4,3,7,6,Mon Cala
2025-07-08 13:47:15,881,tie_silencer,resistance,5,6,3,2,Cerea
2025-07-08 13:47:14,882,tie_silencer,resistance,3,8,4,2,Mon Cala
2025-07-08 13:47:13,883,tie_fighter,resistance,5,7,5,8,Alderaan
2025-07-08 13:47:12,884,tie_silencer,resistance,1,3,10,10,Iktotch
2025-07-08 13:47:11,885,x-wing,empire,10,1,9,10,Dagobah
2025-07-08 13:47:10,886,x-wing,empire,10,8,9,2,Eriadu
2025-07-08 13:47:09,887,x-wing,empire,1,7,2,3,Aleen Minor
2025-07-08 13:47:08,888,stormtrooper,resistance,3,1,1,4,Ryloth
2025-07-08 13:47:07,889,unknown,empire,9,8,3,5,Toydaria
2025-07-08 13:47:06,890,stormtrooper,empire,5,5,4,6,Haruun Kal
2025-07-08 13:47:05,891,at-at,resistance,2,4,2,3,Tatooine
2025-07-08 13:47:04,892,tie_fighter,empire,8,8,2,2,Malastare
2025-07-08 13:47:03,893,tie_fighter,empire,4,7,2,7,Eriadu
2025-07-08 13:47:02,894,resistance_soldier,empire,5,1,9,4,Iktotch
2025-07-08 13:47:01,895,unknown,empire,10,3,10,5,Bestine IV
2025-07-08 13:47:00,896,at-st,empire,3,4,8,9,Corellia
2025-07-08 13:46:59,897,at-at,resistance,10,9,6,5,Shili
2025-07-08 13:46:58,898,tie_fighter,empire,3,4,9,1,Corellia
2025-07-08 13:46:57,899,at-at,empire,2,10,3,3,Tatooine
2025-07-08 13:46:56,900,tie_silencer,empire,2,3,8,10,Iktotch
2025-07-08 13:46:55,901,tie_silencer,resistance,6,5,6,4,Kashyyyk
2025-07-08 13:46:54,902,at-st,resistance,1,9,10,9,Alderaan
2025-07-08 13:46:53,903,x-wing,empire,8,7,2,1,Serenno
2025-07-08 13:46:52,904,at-at,resistance,6,10,6,4,Chandrila
2025-07-08 13:46:51,905,resistance_soldier,resistance,10,8,6,4,Dathomir
2025-07-08 13:46:50,906,unknown,empire,7,2,3,4,Concord Dawn
2025-07-08 13:46:49,907,x-wing,empire,4,8,5,7,Stewjon
2025-07-08 13:46:48,908,unknown,empire,4,6,5,8,Stewjon
2025-07-08 13:46:47,909,unknown,empire,9,4,7,4,Zolan
2025-07-08 13:46:46,910,tie_silencer,empire,9,8,2,9,Toydaria
2025-07-08 13:46:45,911,at-at,empire,3,7,5,2,Glee Anselm
2025-07-08 13:46:44,912,stormtrooper,resistance,7,2,6,8,Bestine IV
2025-07-08 13:46:43,913,stormtrooper,resistance,9,6,2,7,Stewjon
2025-07-08 13:46:42,914,tie_silencer,resistance,9,1,2,5,Ojom
2025-07-08 13:46:41,915,x-wing,resistance,7,4,7,1,Aleen Minor
2025-07-08 13:46:40,916,tie_fighter,resistance,1,4,3,2,Quermia
2025-07-08 13:46:39,917,unknown,empire,4,2,6,4,Vulpter
2025-07-08 13:46:38,918,tie_silencer,empire,2,4,1,2,Mirial
2025-07-08 13:46:37,919,resistance_soldier,resistance,1,3,5,1,Ryloth
2025-07-08 13:46:36,920,at-at,resistance,1,5,5,5,Ryloth
2025-07-08 13:46:35,921,resistance_soldier,resistance,10,9,7,9,Champala
2025-07-08 13:46:34,922,unknown,empire,3,5,5,8,Aleen Minor
2025-07-08 13:46:33,923,tie_silencer,resistance,4,8,10,1,Champala
2025-07-08 13:46:32,924,tie_silencer,empire,10,2,7,3,Tund
2025-07-08 13:46:31,925,x-wing,resistance,1,7,7,2,Kalee
2025-07-08 13:46:30,926,x-wing,resistance,2,1,4,9,Sullust
2025-07-08 13:46:29,927,unknown,empire,4,5,7,10,Tatooine
2025-07-08 13:46:28,928,at-st,resistance,10,6,1,5,Mon Cala
2025-07-08 13:46:27,929,at-st,empire,1,2,4,7,Malastare
2025-07-08 13:46:26,930,resistance_soldier,empire,10,8,3,3,Tholoth
2025-07-08 13:46:25,931,resistance_soldier,empire,4,7,10,2,Dathomir
2025-07-08 13:46:24,932,at-st,resistance,9,3,2,7,Mirial
2025-07-08 13:46:23,933,resistance_soldier,resistance,8,1,4,1,Chandrila
2025-07-08 13:46:22,934,resistance_soldier,resistance,8,9,7,7,Sullust
2025-07-08 13:46:21,935,stormtrooper,empire,5,9,1,7,Serenno
2025-07-08 13:46:20,936,at-at,empire,2,8,9,9,Vulpter
2025-07-08 13:46:19,937,at-at,empire,5,4,6,7,Vulpter
2025-07-08 13:46:18,938,at-at,empire,6,7,6,3,Tholoth
2025-07-08 13:46:17,939,tie_fighter,resistance,7,10,5,6,Cerea
2025-07-08 13:46:16,940,stormtrooper,empire,5,7,8,2,Eriadu
2025-07-08 13:46:15,941,unknown,empire,9,8,4,7,Chandrila
2025-07-08 13:46:14,942,unknown,resistance,9,3,8,9,Kalee
2025-07-08 13:46:13,943,at-st,empire,4,5,6,9,Iktotch
2025-07-08 13:46:12,944,at-at,empire,4,4,8,10,Champala
2025-07-08 13:46:11,945,resistance_soldier,resistance,5,6,2,1,Tholoth
2025-07-08 13:46:10,946,at-at,empire,4,10,8,10,Socorro
2025-07-08 13:46:09,947,stormtrooper,empire,5,7,6,8,Trandosha
2025-07-08 13:46:08,948,at-st,empire,3,1,1,6,Tholoth
2025-07-08 13:46:07,949,stormtrooper,empire,8,8,4,9,Skako
2025-07-08 13:46:06,950,resistance_soldier,empire,10,4,1,8,Rodia
2025-07-08 13:46:05,951,resistance_soldier,empire,3,8,4,4,Dagobah
2025-07-08 13:46:04,952,at-st,empire,2,6,7,8,Malastare
2025-07-08 13:46:03,953,tie_silencer,resistance,9,9,8,2,Dorin
2025-07-08 13:46:02,954,at-st,resistance,4,1,6,7,Sullust
2025-07-08 13:46:01,955,resistance_soldier,resistance,5,9,7,7,Iktotch
2025-07-08 13:46:00,956,x-wing,empire,7,9,4,7,Mirial
2025-07-08 13:45:59,957,at-at,empire,1,10,6,6,Serenno
2025-07-08 13:45:58,958,at-st,resistance,3,2,8,6,Eriadu
2025-07-08 13:45:57,959,tie_fighter,resistance,1,9,9,2,Eriadu
2025-07-08 13:45:56,960,tie_fighter,resistance,8,10,6,5,Iridonia
2025-07-08 13:45:55,961,stormtrooper,resistance,10,9,10,8,Naboo
2025-07-08 13:45:54,962,stormtrooper,resistance,3,7,10,9,Skako
2025-07-08 13:45:53,963,at-st,empire,10,2,6,3,Toydaria
2025-07-08 13:45:52,964,at-at,empire,1,10,9,5,Iktotch
2025-07-08 13:45:51,965,unknown,empire,9,9,2,1,Corellia
2025-07-08 13:45:50,966,at-at,empire,3,4,10,3,Dagobah
2025-07-08 13:45:49,967,at-at,empire,6,3,3,1,Eriadu
2025-07-08 13:45:48,968,at-at,empire,6,6,9,3,Muunilinst
2025-07-08 13:45:47,969,tie_fighter,empire,5,2,4,5,Kalee
2025-07-08 13:45:46,970,unknown,resistance,1,3,4,7,Kashyyyk
2025-07-08 13:45:45,971,stormtrooper,resistance,2,2,2,2,Mon Cala
2025-07-08 13:45:44,972,stormtrooper,resistance,8,4,6,6,Toydaria
2025-07-08 13:45:43,973,resistance_soldier,empire,9,5,6,5,Dorin
2025-07-08 13:45:42,974,tie_silencer,resistance,3,6,8,5,Concord Dawn
2025-07-08 13:45:41,975,tie_fighter,empire,1,9,5,1,Umbara
2025-07-08 13:45:40,976,tie_fighter,empire,2,6,6,2,Dorin
2025-07-08 13:45:39,977,stormtrooper,resistance,7,7,7,1,Glee Anselm
2025-07-08 13:45:38,978,tie_silencer,empire,7,1,7,1,Rodia
2025-07-08 13:45:37,979,at-at,empire,9,3,9,3,Tund
2025-07-08 13:45:36,980,resistance_soldier,empire,10,8,10,9,Skako
2025-07-08 13:45:35,981,at-at,resistance,4,3,2,3,Aleen Minor
2025-07-08 13:45:34,982,x-wing,resistance,9,10,3,1,Kalee
2025-07-08 13:45:33,983,tie_fighter,resistance,5,5,7,3,Kashyyyk
2025-07-08 13:45:32,984,unknown,resistance,4,2,8,9,Iktotch
2025-07-08 13:45:31,985,tie_fighter,resistance,9,1,8,10,Aleen Minor
2025-07-08 13:45:30,986,x-wing,resistance,9,10,2,1,Iktotch
2025-07-08 13:45:29,987,stormtrooper,resistance,4,9,2,3,Kashyyyk
2025-07-08 13:45:28,988,unknown,empire,9,3,9,8,Trandosha
2025-07-08 13:45:27,989,at-st,resistance,1,1,4,4,Chandrila
2025-07-08 13:45:26,990,stormtrooper,resistance,3,4,4,8,Dagobah
2025-07-08 13:45:25,991,tie_silencer,resistance,9,5,3,2,Rodia
2025-07-08 13:45:24,992,tie_fighter,empire,4,10,6,10,Zolan
2025-07-08 13:45:23,993,x-wing,empire,4,10,8,8,Trandosha
2025-07-08 13:45:22,994,tie_silencer,empire,8,9,3,7,Cerea
2025-07-08 13:45:21,995,tie_fighter,resistance,10,2,10,1,Mon Cala
2025-07-08 13:45:20,996,tie_silencer,empire,9,7,3,1,Corellia
2025-07-08 13:45:19,997,x-wing,empire,2,1,10,9,Toydaria
2025-07-08 13:45:18,998,stormtrooper,resistance,1,1,6,2,Umbara
2025-07-08 13:45:17,999,at-at,empire,5,8,10,8,Eriadu
2025-07-08 13:45:16,1000,tie_fighter,resistance,7,8,1,1,Troiken
